,URL
0,https://www.immoweb.be/en/classified/house/for-sale/liege/4020/9943915?searchId=6299a27edf31d
1,https://www.immoweb.be/en/classified/house/for-sale/schaerbeek/1030/9943568?searchId=6299a27edf31d
2,https://www.immoweb.be/en/classified/house/for-sale/berchem-sainte-agathe/1082/9944984?searchId=6299a27edf31d
3,https://www.immoweb.be/en/classified/apartment-block/for-sale/brugge/8000/9945416?searchId=6299a27edf31d
4,https://www.immoweb.be/en/classified/house/for-sale/liege/4020/9941464?searchId=6299a27edf31d
5,https://www.immoweb.be/en/classified/new-real-estate-project-houses/for-sale/celles/5561/9942463?searchId=6299a27edf31d
6,https://www.immoweb.be/en/classified/apartment-block/for-sale/libramont-chevigny/6800/9941435?searchId=6299a27edf31d
7,https://www.immoweb.be/en/classified/house/for-sale/ruisbroek-(-bij-brussel)/1601/9941373?searchId=6299a27edf31d
8,https://www.immoweb.be/en/classified/villa/for-sale/groot-bijgaarden/1702/9867538?searchId=6299a27edf31d
9,https://www.immoweb.be/en/classified/new-real-estate-project-houses/for-sale/zaventem-sterrebeek/1933/9941053?searchId=6299a27edf31d
10,https://www.immoweb.be/en/classified/house/for-sale/libramont-chevigny/6800/9939016?searchId=6299a27edf31d
11,https://www.immoweb.be/en/classified/new-real-estate-project-houses/for-sale/saint-sauveur/7912/9896009?searchId=6299a27edf31d
12,https://www.immoweb.be/en/classified/house/for-sale/chaumont-gistoux/1325/9939243?searchId=6299a27edf31d
13,https://www.immoweb.be/en/classified/villa/for-sale/herzele/9551/9938906?searchId=6299a27edf31d
14,https://www.immoweb.be/en/classified/house/for-sale/couthuin/4218/9936766?searchId=6299a27edf31d
15,https://www.immoweb.be/en/classified/villa/for-sale/saint-gery-(chastre)/1450/9880789?searchId=6299a27edf31d
16,https://www.immoweb.be/en/classified/house/for-sale/ronse/9600/9943704?searchId=6299a27edf31d
17,https://www.immoweb.be/en/classified/house/for-sale/marchin/4570/9944287?searchId=6299a27edf31d
18,https://www.immoweb.be/en/classified/house/for-sale/anderlecht/1070/9943794?searchId=6299a27edf31d
19,https://www.immoweb.be/en/classified/villa/for-sale/beyne-heusay/4610/9943555?searchId=6299a27edf31d
20,https://www.immoweb.be/en/classified/bungalow/for-sale/trooz/4870/9943556?searchId=6299a27edf31d
21,https://www.immoweb.be/en/classified/house/for-sale/sint-gillis-waas/9170/9943796?searchId=6299a27edf31d
22,https://www.immoweb.be/en/classified/house/for-sale/evere/1140/9943572?searchId=6299a27edf31d
23,https://www.immoweb.be/en/classified/villa/for-sale/gammerages/1570/9935270?searchId=6299a27edf31d
24,https://www.immoweb.be/en/classified/house/for-sale/bruxelles/1000/9935486?searchId=6299a27edf31d
25,https://www.immoweb.be/en/classified/town-house/for-sale/seraing/4100/9941095?searchId=6299a27edf31d
26,https://www.immoweb.be/en/classified/house/for-sale/amay/4540/9941765?searchId=6299a27edf31d
27,https://www.immoweb.be/en/classified/house/for-sale/oostrozebeke/8780/9942668?searchId=6299a27edf31d
28,https://www.immoweb.be/en/classified/house/for-sale/ronse/9600/9941998?searchId=6299a27edf31d
29,https://www.immoweb.be/en/classified/house/for-sale/ronse/9600/9941997?searchId=6299a27edf31d
30,https://www.immoweb.be/en/classified/house/for-sale/hannut/4280/9684939
31,https://www.immoweb.be/en/classified/house/for-sale/nijlen/2560/9946231
32,https://www.immoweb.be/en/classified/house/for-sale/herentals/2200/9946230
33,https://www.immoweb.be/en/classified/apartment/for-sale/ixelles/1050/9946229
34,https://www.immoweb.be/en/classified/triplex/for-sale/malmedy/4960/9946225
35,https://www.immoweb.be/en/classified/house/for-sale/leuven/3018/9946224
36,https://www.immoweb.be/en/classified/apartment/for-sale/dendermonde/9200/9896480
37,https://www.immoweb.be/en/classified/chalet/for-sale/vilvoorde-peutie/1800/9946219
38,https://www.immoweb.be/en/classified/house/for-sale/liege/4020/9943915?searchId=6299a2826908a
39,https://www.immoweb.be/en/classified/house/for-sale/schaerbeek/1030/9943568?searchId=6299a2826908a
40,https://www.immoweb.be/en/classified/house/for-sale/berchem-sainte-agathe/1082/9944984?searchId=6299a2826908a
41,https://www.immoweb.be/en/classified/apartment-block/for-sale/brugge/8000/9945416?searchId=6299a2826908a
42,https://www.immoweb.be/en/classified/house/for-sale/liege/4020/9941464?searchId=6299a2826908a
43,https://www.immoweb.be/en/classified/new-real-estate-project-houses/for-sale/celles/5561/9942463?searchId=6299a2826908a
44,https://www.immoweb.be/en/classified/apartment-block/for-sale/libramont-chevigny/6800/9941435?searchId=6299a2826908a
45,https://www.immoweb.be/en/classified/house/for-sale/ruisbroek-(-bij-brussel)/1601/9941373?searchId=6299a2826908a
46,https://www.immoweb.be/en/classified/villa/for-sale/groot-bijgaarden/1702/9867538?searchId=6299a2826908a
47,https://www.immoweb.be/en/classified/new-real-estate-project-houses/for-sale/zaventem-sterrebeek/1933/9941053?searchId=6299a2826908a
48,https://www.immoweb.be/en/classified/house/for-sale/libramont-chevigny/6800/9939016?searchId=6299a2826908a
49,https://www.immoweb.be/en/classified/new-real-estate-project-houses/for-sale/saint-sauveur/7912/9896009?searchId=6299a2826908a
50,https://www.immoweb.be/en/classified/house/for-sale/chaumont-gistoux/1325/9939243?searchId=6299a2826908a
